"1","[\"animals\"]","cat-1.jpg","[\"6x8\", \"9x12\", \"12x16\"]",""
"2","[\"animals\"]","cat-2.jpg","[\"8x5\", \"12x8\", \"16x10\"]",""
"3","[\"space\"]","Space-6.jpg","[\"9x7\", \"14x11\", \"18x14\"]",""
"4","[\"space\"]","Space-5.jpg","[\"5x2\", \"10x4\", \"20x8\"]",""
"5","[\"space\"]","Space-4.jpg","[\"5x3\", \"10x6\", \"15x9\"]",""
"6","[\"space\"]","Space-3.jpg","[\"5x5\", \"7x7\", \"10x10\"]",""
"7","[\"space\"]","Space-2.jpg","[\"5x5\", \"7x7\", \"10x10\"]",""
"8","[\"nature\"]","Mountain-2.jpg","[\"6x4\", \"9x6\", \"12x8\"]",""
"9","[\"nature\"]","Mountain-3.jpg","[\"6x4\", \"9x6\", \"12x8\"]",""
"10","[\"nature\"]","Mountain-4.jpg","[\"6x4\", \"9x6\", \"12x8\"]",""
"11","[\"space\"]","Space-1.jpg","[\"8x4\", \"12x6\", \"16x8\"]",""
"12","[\"nature\"]","Mountain-1.jpg","[\"6x4\", \"9x6\", \"12x8\"]",""
"13","[\"animals\"]","Cat-3.jpg","[\"6x4\", \"9x6\", \"12x8\"]",""
"14","[\"animals\"]","Cat-4.jpg","[\"8x4\", \"12x6\", \"16x8\"]",""
"15","[\"food\"]","food-1.jpg","[\"5x5\", \"7x7\", \"10x10\"]",""
"16","[\"food\"]","food-7.jpg","[\"6x4\", \"9x5\", \"12x7\"]",""
"17","[\"food\"]","food-6.jpg","[\"6x4\", \"9x6\", \"12x8\"]",""
"18","[\"food\"]","food-5.jpg","[\"6x4\", \"9x5\", \"12x7\"]",""
"19","[\"food\"]","food-4.jpg","[\"7x11\", \"11x17\", \"14x22\"]",""
"20","[\"food\"]","food-3.jpg","[\"5x7\", \"10x14\", \"15x21\"]",""
"21","[\"food\"]","food-2.jpg","[\"4x6\", \"6x9\", \"8x12\"]",""
